date time,SST [degC],Salinity,pCO2 [uatm],fCO2 [uatm],DOXY [ml-L],SST [ deg C ] QC Flag,Salinity [ PSU ] QC Flag,pCO2_water_SST_wet [ uatm ] QC Flag,fCO2_water_SST_wet [ uatm ] QC Flag,DOXY_1_QC
01/01/2024,12.84066667,37.58766667,350.5963333,350.5953333,5.429458333,2,2,2,2,2
02/01/2024,12.8225,37.63333333,356.0036667,356.0021667,5.367958333,2,2,2,2,2
03/01/2024,12.73033333,37.3555,360.7325,360.7311667,5.368916667,2,2,2,2,2
04/01/2024,12.74633333,37.66666667,355.2486667,355.2473333,5.315,2,2,2,2,2
05/01/2024,12.7895,37.5835,355.77525,355.774,5.286708333,2,2,2,2,2
06/01/2024,12.93875,37.406,353.3075,353.3065,5.427666667,2,2,2,2,2
07/01/2024,12.757,37.707,348.759,348.758,5.280458333,2,2,2,2,2
08/01/2024,12.89566667,37.808,362.1466667,362.1456667,5.247791667,2,2,2,2,2
09/01/2024,12.3352,37.6424,353.9506,353.9492,5.394333333,2,2,2,2,2
10/01/2024,11.5165,37.57183333,347.672,347.6703333,5.53225,2,2,2,2,2
11/01/2024,11.07616667,37.71083333,341.1591667,341.1578333,5.605458333,2,2,2,2,2
12/01/2024,11.06233333,37.83483333,338.8256667,338.8241667,5.6415,2,2,2,2,2
13/01/2024,10.877,37.7995,337.362,337.3606667,5.627416667,2,2,2,2,2
14/01/2024,11.237,37.89,340.5843333,340.5833333,5.618541667,2,2,2,2,2
15/01/2024,11.721,37.9525,341.8865,341.8855,5.51725,2,2,2,2,2
16/01/2024,11.23925,37.9285,340.3945,340.393,5.564875,2,2,2,2,2
17/01/2024,11.427,37.964,343.5935,343.5925,5.508458333,2,2,2,2,2
18/01/2024,11.372,37.694,342.965,342.964,5.545875,2,2,2,2,2
19/01/2024,,,,,5.565208333,,,,,2
20/01/2024,10.92125,37.88725,336.14,336.139,5.611166667,2,2,2,2,2
21/01/2024,10.79816667,37.9685,334.9621667,334.9611667,5.628166667,2,2,2,2,2
22/01/2024,10.94283333,38.01366667,334.3541667,334.3528333,5.585666667,2,2,2,2,2
23/01/2024,10.2825,37.753,331.748,331.747,5.723541667,2,2,2,2,2
24/01/2024,10.4215,37.75933333,329.5523333,329.5513333,5.733,2,2,2,2,2
25/01/2024,10.5355,37.72466667,333.4061667,333.405,5.741291667,2,2,2,2,2
26/01/2024,10.479,37.66666667,333.0323333,333.0313333,5.734625,2,2,2,2,2
27/01/2024,10.40766667,37.60733333,332.8003333,332.7991667,5.774458333,2,2,2,2,2
28/01/2024,10.4915,37.6535,330.8615,330.8603333,5.798125,2,2,2,2,2
29/01/2024,10.93933333,37.74033333,332.6383333,332.6371667,5.812791667,2,2,2,2,2
30/01/2024,10.792,37.61783333,333.1798333,333.1786667,5.841333333,2,2,2,2,2
31/01/2024,10.8038,37.6064,333.2786,333.2776,5.842416667,2,2,2,2,2
01/02/2024,,,,,5.7795,,,,,2
02/02/2024,11.5904,37.6902,347.1438,347.1422,5.815458333,2,2,2,2,2
03/02/2024,11.54266667,37.65583333,342.823,342.822,5.883416667,2,2,2,2,2
04/02/2024,11.5945,37.67566667,340.2773333,340.2763333,5.918583333,2,2,2,2,2
05/02/2024,11.51833333,37.6655,336.7766667,336.775,5.9555,2,2,2,2,2
06/02/2024,11.34466667,37.57616667,331.7625,331.7615,6.012458333,2,2,2,2,2
07/02/2024,11.0035,37.56983333,328.7983333,328.7968333,6.039416667,2,2,2,2,2
08/02/2024,11.0855,37.637,328.4785,328.4773333,6.047625,2,2,2,2,2
09/02/2024,11.19266667,37.47883333,332.032,332.0308333,6.038583333,2,2,2,2,2
10/02/2024,11.057,36.78233333,346.4473333,346.4461667,5.978708333,2,2,2,2,2
11/02/2024,11.10616667,37.19016667,333.4275,333.4261667,5.970541667,2,2,2,2,2
12/02/2024,11.067,37.24116667,326.3466667,326.3451667,5.94775,2,2,2,2,2
13/02/2024,11.05783333,37.35483333,325.5431667,325.5418333,6,2,2,2,2,2
14/02/2024,11.24216667,37.168,331.9578333,331.9565,6.030416667,2,2,2,2,2
15/02/2024,11.2715,36.772,337.1071667,337.1061667,6.024375,2,2,2,2,2
16/02/2024,11.10016667,36.85933333,336.44,336.4386667,6.037125,2,2,2,2,2
17/02/2024,11.214,37.01516667,331.1983333,331.1968333,6.105083333,2,2,2,2,2
18/02/2024,11.46,36.9765,332.3038333,332.3025,6.123291667,2,2,2,2,2
19/02/2024,11.36566667,36.85483333,332.9373333,332.9361667,6.097913043,2,2,2,2,2
20/02/2024,11.35333333,36.81783333,334.0446667,334.0435,6.137076923,2,2,2,2,2
21/02/2024,11.35333333,37.37866667,331.7501667,331.7491667,5.971888889,2,2,2,2,2
22/02/2024,11.1535,37.01483333,332.9208333,332.9195,6.053583333,2,2,2,2,2
23/02/2024,11.2615,36.69283333,335.6661667,335.6648333,5.939125,2,2,2,2,2
24/02/2024,11.28716667,37.30183333,336.4765,336.4755,5.7958,2,2,2,2,2
25/02/2024,11.33333333,37.39366667,344.426,344.4248333,5.73925,2,2,2,2,2
26/02/2024,11.3584,37.1426,349.8394,349.8384,5.692173913,2,2,2,2,2
27/02/2024,11.37366667,37.42233333,340.7893333,340.7878333,5.760208333,2,2,2,2,2
28/02/2024,11.47716667,37.47183333,346.9655,346.9641667,5.719375,2,2,2,2,2
29/02/2024,11.68183333,37.77116667,353.7733333,353.7721667,5.516541667,2,2,2,2,2
01/03/2024,11.73,37.81866667,355.5976667,355.5965,5.537291667,2,2,2,2,2
02/03/2024,11.74383333,37.69033333,350.5876667,350.5866667,5.630708333,2,2,2,2,2
03/03/2024,11.84483333,37.644,353.7223333,353.7213333,5.66975,2,2,2,2,2
04/03/2024,11.83616667,37.66366667,347.601,347.6,5.705578947,2,2,2,2,2
05/03/2024,11.83083333,37.70066667,345.6078333,345.6068333,5.763818182,2,2,2,2,2
06/03/2024,11.9275,37.78733333,345.5725,345.5713333,5.747772727,2,2,2,2,2
07/03/2024,11.91333333,37.79216667,349.0255,349.0245,5.689916667,2,2,2,2,2
08/03/2024,11.784,37.86666667,350.8451667,350.8436667,5.631333333,2,2,2,2,2
09/03/2024,11.75683333,37.79066667,344.9261667,344.925,5.697041667,2,2,2,2,2
10/03/2024,11.841,37.62416667,341.0068333,341.0056667,5.699416667,2,2,2,2,2
11/03/2024,11.929,37.5215,342.1071667,342.106,5.68775,2,2,2,2,2
12/03/2024,11.91083333,37.448,345.4981667,345.4971667,5.656375,2,2,2,2,2
13/03/2024,12.22366667,37.25833333,343.1698333,343.1685,5.770791667,2,2,2,2,2
14/03/2024,12.55416667,35.87833333,311.1036667,311.1025,5.8835,2,2,2,2,2
15/03/2024,12.71333333,35.75533333,305.168,305.167,5.847583333,2,2,2,2,2
16/03/2024,12.8475,35.8765,280.5221667,280.5208333,5.909541667,2,2,2,2,2
17/03/2024,13.16516667,35.8835,285.814,285.813,6.017625,2,2,2,2,2
18/03/2024,13.306,35.73666667,292.6256667,292.6245,5.98175,2,2,2,2,2
19/03/2024,13.45216667,35.80666667,290.1991667,290.1981667,6.079458333,2,2,2,2,2
20/03/2024,13.31616667,36.09233333,292.1156667,292.1145,6.091708333,2,2,2,2,2
21/03/2024,13.61166667,36.138,310.0333333,310.0323333,5.935791667,2,2,2,2,2
22/03/2024,13.64966667,36.164,295.7733333,295.7721667,5.992958333,2,2,2,2,2
23/03/2024,13.94866667,36.05633333,305.0213333,305.0201667,6.055583333,2,2,2,2,2
24/03/2024,13.35466667,36.49,294.1845,294.1835,6.121875,2,2,2,2,2
25/03/2024,13.30883333,36.5075,310.7218333,310.7208333,5.934,2,2,2,2,2
26/03/2024,13.40783333,36.07483333,309.1076667,309.1066667,5.963166667,2,2,2,2,2
27/03/2024,13.33783333,35.93766667,302.0636667,302.0625,5.886666667,2,2,2,2,2
28/03/2024,13.059,33.39566667,336.6728333,336.6716667,5.801625,2,2,2,2,2
29/03/2024,13.24666667,35.04833333,319.7863333,319.7851667,5.701625,2,2,2,2,2
30/03/2024,13.44016667,35.31216667,324.6558333,324.6545,5.706041667,2,2,2,2,2
31/03/2024,13.697,35.29016667,309.6828333,309.6818333,5.799625,2,2,2,2,2
01/04/2024,13.65383333,35.44116667,308.499,308.4978333,5.750666667,2,2,2,2,2
02/04/2024,13.59916667,35.56683333,315.5091667,315.508,5.648708333,2,2,2,2,2
03/04/2024,13.931,33.67833333,336.9871667,336.9861667,5.712291667,2,2,2,2,2
04/04/2024,14.19616667,33.77833333,345.0383333,345.0373333,5.670791667,2,2,2,2,2
05/04/2024,14.54316667,33.55766667,368.4211667,368.4198333,5.78125,2,2,2,2,2
06/04/2024,14.952,32.80016667,399.8678333,399.8665,5.794333333,2,2,2,2,2
07/04/2024,15.236,32.219,414.9711667,414.97,6.014666667,2,2,2,2,2
08/04/2024,15.583,32.561,393.1106667,393.1091667,6.212666667,2,2,2,2,2
09/04/2024,15.51616667,33.4375,349.118,349.1168333,6.706875,2,2,2,2,2
10/04/2024,14.90733333,34.65616667,334.5216667,334.5206667,6.408125,2,2,2,2,2
11/04/2024,13.93833333,35.85,331.5758333,331.5743333,5.620625,2,2,2,2,2
12/04/2024,14.13933333,35.91083333,344.1068333,344.1056667,5.611708333,2,2,2,2,2
13/04/2024,14.57933333,36.53666667,379.277,379.2756667,5.416333333,2,2,2,2,2
14/04/2024,15.3175,36.393,377.6361667,377.6348333,5.46475,2,2,2,2,2
15/04/2024,16.50066667,36.26683333,368.4141667,368.413,5.640458333,2,2,2,2,2
16/04/2024,16.78633333,35.67633333,352.0358333,352.0345,5.642333333,2,2,2,2,2
17/04/2024,15.738,36.05916667,355.0953333,355.0943333,5.563291667,2,2,2,2,2
18/04/2024,14.99816667,36.069,375.1568333,375.1553333,5.508166667,2,2,2,2,2
19/04/2024,14.9995,35.98533333,362.6233333,362.6223333,5.681791667,2,2,2,2,2
20/04/2024,15.023,35.81733333,337.7993333,337.7978333,5.818875,2,2,2,2,2
21/04/2024,14.72666667,35.42516667,336.2048333,336.2036667,5.75625,2,2,2,2,2
22/04/2024,13.62883333,36.878,405.9736667,405.9725,5.139958333,2,2,2,2,2
23/04/2024,13.32216667,37.10733333,439.544,439.5421667,4.73775,2,2,2,2,2
24/04/2024,13.37366667,37.29833333,442.7241667,442.7223333,4.895458333,2,2,2,2,2
25/04/2024,13.4625,37.34033333,451.54,451.5385,4.898416667,2,2,2,2,2
26/04/2024,13.51133333,37.27933333,436.4113333,436.41,4.998583333,2,2,2,2,2
27/04/2024,14.1025,37.056,388.4771667,388.4758333,5.162791667,2,2,2,2,2
28/04/2024,14.64816667,36.802,397.017,397.0153333,5.238416667,2,2,2,2,2
29/04/2024,15.12483333,36.76616667,396.3715,396.3703333,5.275708333,2,2,2,2,2
30/04/2024,15.96916667,36.77466667,374.7948333,374.7935,5.369958333,2,2,2,2,2
01/05/2024,15.4575,36.82916667,357.4418333,357.4401667,5.315541667,2,2,2,2,2
02/05/2024,17.1475,36.2735,366.7141667,366.7128333,5.308458333,2,2,2,2,2
03/05/2024,16.80183333,36.35766667,376.7991667,376.7978333,5.064,2,2,2,2,2
04/05/2024,16.48983333,36.404,386.481,386.4796667,4.958208333,2,2,2,2,2
05/05/2024,17.098,36.48516667,354.2198333,354.2188333,5.225916667,2,2,2,2,2
06/05/2024,17.42483333,36.07416667,359.8138333,359.8128333,5.27175,2,2,2,2,2
07/05/2024,17.65083333,35.5115,406.1831667,406.1815,5.137333333,2,2,2,2,2
08/05/2024,17.84916667,34.9755,411.015,411.0135,5.069416667,2,2,2,2,2
09/05/2024,17.27183333,35.93366667,350.2885,350.2871667,5.467583333,2,2,2,2,2
10/05/2024,17.33583333,35.839,360.8073333,360.806,5.386666667,2,2,2,2,2
11/05/2024,17.67783333,35.72983333,364.7355,364.7343333,5.397458333,2,2,2,2,2
12/05/2024,17.4495,36.102,382.7996667,382.7985,5.102541667,2,2,2,2,2
13/05/2024,17.85166667,35.66583333,413.9653333,413.9636667,4.955041667,2,2,2,2,2
14/05/2024,17.836,35.66,385.0668333,385.0655,5.236833333,2,2,2,2,2
15/05/2024,17.46483333,36.05366667,405.5085,405.5071667,5.081869565,2,2,2,2,2
16/05/2024,17.3385,36.14183333,384.3851667,384.384,4.997958333,2,2,2,2,2
17/05/2024,17.66766667,35.97783333,371.99,371.9888333,5.071916667,2,2,2,2,2
18/05/2024,18.06933333,35.98733333,384.671,384.67,4.880782609,2,2,2,2,2
19/05/2024,18.47433333,35.96616667,401.6725,401.6708333,4.869227273,2,2,2,2,2
20/05/2024,19.0045,35.80875,410.88975,410.8885,4.726875,2,2,2,2,2
21/05/2024,19.84566667,33.50283333,428.7438333,428.7425,4.8427,2,2,2,2,2
22/05/2024,20.06283333,31.06066667,416.6025,416.6013333,4.9235,2,2,2,2,2
23/05/2024,20.3495,32.08133333,420.5086667,420.5073333,4.364375,2,2,2,2,2
24/05/2024,20.39316667,31.99833333,418.0578333,418.0563333,4.225416667,2,2,2,2,2
25/05/2024,20.4145,32.1475,409.3335,409.3321667,4.492238095,2,2,2,2,2
26/05/2024,20.90433333,32.30816667,405.7921667,405.7908333,4.701681818,2,2,2,2,2
27/05/2024,20.80083333,32.396,413.175,413.1733333,4.51073913,2,2,2,2,2
28/05/2024,21.2008,32.7938,432.7212,432.7198,4.72625,2,2,2,2,2
29/05/2024,,,,,5.25125,,,,,2
30/05/2024,,,,,4.790958333,,,,,2
31/05/2024,,,,,4.905541667,,,,,2
01/06/2024,,,,,4.729708333,,,,,2
02/06/2024,,,,,4.49075,,,,,2
03/06/2024,,,,,4.040791667,,,,,2
04/06/2024,,,,,4.364166667,,,,,2
05/06/2024,,,,,4.372375,,,,,2
06/06/2024,,,,,,,,,,
07/06/2024,,,,,,,,,,
08/06/2024,,,,,,,,,,
09/06/2024,,,,,,,,,,
10/06/2024,,,,,,,,,,
11/06/2024,,,,,,,,,,
12/06/2024,,,,,,,,,,
13/06/2024,,,,,,,,,,
14/06/2024,,,,,,,,,,
15/06/2024,,,,,,,,,,
16/06/2024,,,,,,,,,,
17/06/2024,23.424,30.37933333,310.018,310.017,5.392571429,2,2,2,2,2
18/06/2024,23.59216667,30.41716667,293.8246667,293.8238333,5.430225806,2,2,2,2,2
19/06/2024,24.29716667,30.40133333,287.9761667,287.9751667,5.24676,2,2,2,2,2
20/06/2024,24.41583333,30.55633333,290.6128333,290.6118333,4.85644,2,2,2,2,2
21/06/2024,24.67816667,30.53033333,311.8768333,311.8758333,4.346083333,2,2,2,2,2
22/06/2024,25.2155,29.66716667,304.5598333,304.5591667,5.0468,2,2,2,2,2
23/06/2024,23.82266667,31.53683333,290.6255,290.6245,5.36904,2,2,2,2,2
24/06/2024,20.83266667,34.82366667,355.8121667,355.8106667,4.96472,2,2,2,2,2
25/06/2024,19.3315,36.78433333,437.4066667,437.4048333,4.403625,2,2,2,2,2
26/06/2024,20.27383333,36.87933333,419.1346667,419.1331667,4.79565,2,2,2,2,2
27/06/2024,22.14683333,36.65116667,417.4658333,417.4643333,4.918854839,2,2,2,2,2
28/06/2024,23.68016667,34.70316667,373.2851667,373.284,5.08244,2,2,2,2,2
29/06/2024,25.26566667,34.38416667,344.6646667,344.6636667,4.97604,2,2,2,2,2
30/06/2024,26.4575,34.12433333,333.2001667,333.1991667,4.89588,2,2,2,2,2
01/07/2024,26.81566667,33.18,320.3778333,320.3766667,5.171666667,2,2,2,2,2
02/07/2024,26.04733333,33.23633333,308.3171667,308.3161667,4.81852,2,2,2,2,2
03/07/2024,25.5475,33.63566667,327.4181667,327.4171667,4.487958333,2,2,2,2,2
04/07/2024,25.03333333,34.26166667,333.598,333.5968333,4.70576,2,2,2,2,2
05/07/2024,25.0026,34.3212,323.5772,323.5762,5.12025,2,2,2.2,2.2,2
06/07/2024,25.6145,33.004,1224.615167,1224.611333,5.27412,2,2,3,3,2
07/07/2024,25.82483333,33.12983333,1784.7245,1784.718833,5.22488,2,2,3,3,2
08/07/2024,26.581,32.3408,2067.9788,2067.972,5.291958333,2,2,3,3,2
09/07/2024,27.04266667,32.85316667,2689.811167,2689.802667,4.60536,2,2,3,3,2
10/07/2024,27.08716667,33.09683333,3626.8175,3626.806,4.03568,2,2,3,3,2
11/07/2024,27.794,33.09833333,3721.133,3721.121333,4.846083333,2,2,3,3,2
12/07/2024,27.814,33.10583333,2731.751,2731.742333,4.04456,2,2,3,3,2
13/07/2024,28.616,33.0045,2288.374833,2288.367833,5.0924,2,2,3,3,2
14/07/2024,29.0615,32.75283333,1865.502667,1865.497,4.702916667,2,2,3,3,2
15/07/2024,29.013,32.60616667,2095.781,2095.7745,3.95568,2,2,3,3,2
16/07/2024,29.06483333,32.553,3243.5075,3243.497667,4.079958333,2,2,3,3,2
17/07/2024,28.88933333,33.73916667,2654.3075,2654.299333,4.982,2,2,3,3,2
18/07/2024,25.20283333,35.7655,1071.743,1071.7395,5.127833333,2,2,3,3,2
19/07/2024,24.13033333,36.38883333,1177.175667,1177.171667,4.9818,2,2,3,3,2
20/07/2024,22.38616667,36.91666667,582.7795,582.7775,4.733375,2,2,3,3,2
21/07/2024,23.38883333,36.726,786.1738333,786.1711667,4.83588,2,2,3,3,2
22/07/2024,23.7475,36.63516667,957.0328333,957.0298333,4.812458333,2,2,3,3,2
23/07/2024,24.02716667,36.66466667,851.818,851.8151667,4.77776,2,2,3,3,2
24/07/2024,24.51083333,36.64783333,852.1653333,852.1628333,4.72636,2,2,3,3,2
25/07/2024,24.49383333,36.78766667,873.505,873.502,4.69872,2,2,3,3,2
26/07/2024,25.476,36.02666667,803.7271667,803.7245,4.623933333,2,2,3,3,2
27/07/2024,25.62833333,36.14166667,876.7428333,876.7401667,4.62612,2,2,3,3,2
28/07/2024,25.90566667,36.22466667,852.7081667,852.7055,4.66284,2,2,3,3,2
29/07/2024,23.6295,37.252,465.0693333,465.0676667,4.81925,2,2,3,3,2
30/07/2024,23.6476,37.3234,528.877,528.8752,4.758208333,2,2,2.4,2.4,2
31/07/2024,25.59933333,37.18916667,457.7148333,457.7133333,4.62508,2,2,2,2,2
01/08/2024,26.57266667,37.18583333,458.4116667,458.4101667,4.600708333,2,2,2,2,2
02/08/2024,26.45833333,37.19916667,457.5105,457.5093333,4.626833333,2,2,2,2,2
03/08/2024,26.84733333,36.6445,445.6441667,445.6428333,4.609708333,2,2,2,2,2
04/08/2024,26.68766667,36.595,434.8195,434.8185,4.61168,2,2,2,2,2
05/08/2024,26.60766667,36.62733333,434.9591667,434.9578333,4.5872,2,2,2,2,2
06/08/2024,26.38433333,36.829,443.2168333,443.2155,4.62292,2,2,2,2,2
07/08/2024,26.65583333,36.845,445.5968333,445.5951667,4.59832,2,2,2,2,2
08/08/2024,27.53166667,36.33566667,422.4343333,422.4331667,4.59668,2,2,2,2,2
09/08/2024,28.03516667,35.95166667,399.5201667,399.5188333,4.552916667,2,2,2,2,2
10/08/2024,28.202,35.88683333,394.3146667,394.3135,4.53356,2,2,2,2,2
11/08/2024,28.605,35.83983333,401.8176667,401.8165,4.47444,2,2,2,2,2
12/08/2024,28.761,35.87733333,404.865,404.864,4.440208333,2,2,2,2,2
13/08/2024,28.858,35.92683333,409.3328333,409.3315,4.45256,2,2,2,2,2
14/08/2024,28.89516667,35.948,413.1226667,413.1215,4.4455,2,2,2,2,2
15/08/2024,28.98,35.94516667,417.3006667,417.2995,4.47044,2,2,2,2,2
16/08/2024,28.75883333,36.07333333,421.2786667,421.2771667,4.45904,2,2,2,2,2
17/08/2024,29.0735,36.20616667,430.0638333,430.0626667,4.44128,2,2,2,2,2
18/08/2024,29.14016667,36.2865,438.3246667,438.3235,4.443291667,2,2,2,2,2
19/08/2024,28.35966667,36.1895,432.8645,432.8631667,4.41912,2,2,2,2,2
20/08/2024,27.81466667,35.96633333,424.4321667,424.4306667,4.508333333,2,2,2,2,2
21/08/2024,26.8855,36.77483333,452.9405,452.9391667,4.633521739,2,2,2,2,2
22/08/2024,24.90933333,37.30316667,473.9038333,473.9023333,4.69276,2,2,2,2,2
23/08/2024,26.74516667,36.58616667,435.9705,435.9693333,4.64288,2,2,2,2,2
24/08/2024,27.08716667,36.41366667,433.5013333,433.4998333,4.64476,2,2,2,2,2
25/08/2024,27.44083333,36.24,434.0811667,434.0798333,4.76216,2,2,2,2,2
26/08/2024,25.5775,37.208,459.6071667,459.6055,4.748695652,2,2,2,2,2
27/08/2024,24.53266667,37.3165,493.4368333,493.4353333,4.433304348,2,2,2,2,2
28/08/2024,23.8512,37.6372,517.7298,517.7282,4.460863636,2,2,2,2,2
29/08/2024,25.077,37.5915,470.1236667,470.122,4.723,2,2,2,2,2
30/08/2024,26.6494,37.2176,456.744,456.7426,4.596875,2,2,2,2,2
31/08/2024,27.8645,35.60033333,382.3395,382.3381667,4.51164,2,2,2,2,2
01/09/2024,27.99933333,35.27866667,366.4713333,366.4703333,4.43972,2,2,2,2,2
02/09/2024,28.29516667,34.92766667,352.4298333,352.4288333,4.441083333,2,2,2,2,2
03/09/2024,28.382,34.94733333,349.9011667,349.9001667,4.43876,2,2,2,2,2
04/09/2024,28.20716667,35.09366667,363.4368333,363.4358333,4.42252,2,2,2,2,2
05/09/2024,27.71633333,35.3585,367.866,367.8648333,4.438,2,2,2,2,2
06/09/2024,27.12233333,35.40266667,360.594,360.593,4.381391304,2,2,2,2,2
07/09/2024,26.91766667,35.433,364.762,364.7608333,4.38732,2,2,2,2,2
08/09/2024,26.81083333,35.42816667,363.4268333,363.4256667,4.42924,2,2,2,2,2
09/09/2024,26.44683333,35.07783333,361.0971667,361.0958333,4.4462,2,2,2,2,2
10/09/2024,25.9498,35.5984,368.0724,368.0714,4.509045455,2,2,2,2,2
11/09/2024,25.7635,35.4425,358.0833333,358.082,4.49872,2,2,2,2,2
12/09/2024,25.13883333,35.384,358.1498333,358.1488333,4.55,2,2,2,2,2
13/09/2024,24.33,35.85816667,388.6226667,388.6213333,4.28672,2,2,2,2,2
14/09/2024,23.798,35.03083333,383.9528333,383.9518333,4.467291667,2,2,2,2,2
15/09/2024,22.989,34.66033333,367.4356667,367.4346667,4.555,2,2,2,2,2
16/09/2024,23.1085,35.22816667,363.8061667,363.805,4.55788,2,2,2,2,2
17/09/2024,22.97533333,35.82816667,400.108,400.1068333,4.36424,2,2,2,2,2
18/09/2024,22.16333333,36.30916667,445.6183333,445.6171667,4.0916,2,2,2,2,2
19/09/2024,21.3525,37.12033333,509.2495,509.248,4.0052,2,2,2,2,2
20/09/2024,21.08483333,36.798,445.4846667,445.483,4.399,2,2,2,2,2
21/09/2024,20.763,37.37433333,503.5978333,503.5958333,4.38608,2,2,2,2,2
22/09/2024,20.557,37.76333333,555.0713333,555.0695,4.2936,2,2,2,2,2
23/09/2024,20.61383333,37.60766667,482.3173333,482.3156667,4.64744,2,2,2,2,2
24/09/2024,20.72583333,36.921,460.0168333,460.0153333,4.80732,2,2,2,2,2
25/09/2024,20.8495,36.48783333,434.8651667,434.8636667,4.8378,2,2,2,2,2
26/09/2024,21.0205,35.61216667,441.082,441.0801667,4.85892,2,2,2,2,2
27/09/2024,20.90816667,35.4255,441.6396667,441.6385,4.84056,2,2,2,2,2
28/09/2024,20.921,36.44483333,438.2548333,438.2535,4.74876,2,2,2,2,2
29/09/2024,20.7665,36.8145,447.784,447.783,4.71388,2,2,2,2,2
30/09/2024,,,,,4.54636,,,,,2
01/10/2024,,,,,4.56704,,,,,2
02/10/2024,,,,,4.67956,,,,,2
03/10/2024,20.085,36.109,500.814,500.813,4.35736,2,2,2,2,2
04/10/2024,,,,,4.63312,,,,,2
05/10/2024,,,,,4.64628,,,,,2
06/10/2024,,,,,4.67875,,,,,2
07/10/2024,19.5478,36.2386,369.965,369.9638,4.766,2,2,2,2,2
08/10/2024,19.6075,36.133,358.8761667,358.875,4.934166667,2,2,2,2,2
09/10/2024,19.31516667,34.943,383.9966667,383.9953333,5.05984,2,2,2,2,2
10/10/2024,18.77683333,28.23266667,471.4971667,471.496,5.328625,2,2,2,2,2
11/10/2024,19.29866667,34.43516667,379.7403333,379.7391667,5.02404,2,2,2,2,2
12/10/2024,19.35383333,35.475,377.7256667,377.7245,4.90588,2,2,2,2,2
13/10/2024,19.205,35.01016667,400.262,400.2606667,4.83872,2,2,2,2,2
14/10/2024,19.16616667,34.75166667,397.643,397.6413333,4.8844,2,2,2,2,2
15/10/2024,19.26016667,35.11033333,380.7388333,380.7375,5.02196,2,2,2,2,2
16/10/2024,19.2555,35.88166667,409.1618333,409.1605,4.54344,2,2,2,2,2
17/10/2024,19.2048,35.8728,384.5518,384.5508,4.89844,2,2,2,2,2
18/10/2024,19.1492,35.8976,381.885,381.8838,4.88016,2,2,2,2,2
19/10/2024,19.14766667,36.19966667,425.136,425.1346667,4.43688,2,2,2,2,2
20/10/2024,19.1274,36.4296,438.0026,438.0014,4.44168,2,2,2,2,2
21/10/2024,19.68066667,36.66883333,390.2285,390.2273333,4.66764,2,2,2,2,2
22/10/2024,19.617,36.65483333,386.3935,386.3923333,4.71156,2,2,2,2,2
23/10/2024,19.30583333,36.60233333,407.9145,407.9133333,4.6194,2,2,2,2,2
24/10/2024,19.32083333,36.6635,404.5263333,404.525,4.63568,2,2,2,2,2
25/10/2024,19.379,36.717,408.461,408.4598,4.67332,2,2,2,2,2
26/10/2024,19.51033333,36.68933333,390.4306667,390.4293333,4.82284,2,2,2,2,2
27/10/2024,19.51766667,36.70016667,383.3585,383.357,4.85736,2,2,2,2,2
28/10/2024,19.132,36.5886,394.3028,394.3016,4.74556,2,2,2,2,2
29/10/2024,19.2982,36.7038,393.1658,393.1648,4.80052,2,2,2,2,2
30/10/2024,19.35166667,36.81083333,399.1375,399.1361667,4.7922,2,2,2,2,2
31/10/2024,19.4902,36.8922,395.6278,395.6262,4.73168,2,2,2,2,2
01/11/2024,19.381,36.835,387.70375,387.70225,4.738347826,2,2,2,2,2
02/11/2024,19.2645,36.86825,397.4595,397.458,4.683727273,2,2,2,2,2
03/11/2024,18.76625,36.87825,385.11275,385.111,4.796142857,2,2,2,2,2
04/11/2024,18.599,36.919,395.6472,395.6462,4.807647059,2,2,2,2,2
05/11/2024,18.79716667,37.10583333,391.418,391.4166667,4.739736842,2,2,2,2,2
06/11/2024,18.70733333,37.106,383.8891667,383.8881667,4.751090909,2,2,2,2,2
07/11/2024,18.39616667,37.10183333,386.816,386.8148333,4.8038,2,2,2,2,2
08/11/2024,18.34716667,37.168,390.6013333,390.5998333,4.772,2,2,2,2,2
09/11/2024,18.54166667,37.2635,375.9338333,375.9326667,4.799416667,2,2,2,2,2
10/11/2024,18.16266667,37.2435,378.3538333,378.3526667,4.82388,2,2,2,2,2
11/11/2024,17.68316667,37.22566667,379.9791667,379.978,4.84032,2,2,2,2,2
12/11/2024,17.58433333,37.29883333,370.2465,370.245,4.886782609,2,2,2,2,2
13/11/2024,17.1865,37.313,360.72075,360.71925,4.930555556,2,2,2,2,2
14/11/2024,16.8622,37.3828,366.0854,366.0836,4.878375,2,2,2,2,2
15/11/2024,16.26483333,37.29533333,371.5553333,371.554,4.9645,2,2,2,2,2
16/11/2024,16.117,37.33866667,359.4778333,359.4768333,5.005727273,2,2,2,2,2
17/11/2024,15.90933333,37.35116667,358.4433333,358.4421667,4.893181818,2,2,2,2,2
18/11/2024,15.85316667,37.35866667,359.3823333,359.381,4.521,2,2,2,2,2
19/11/2024,15.755,37.35733333,363.878,363.8766667,4.114,2,2,2,2,2
20/11/2024,15.65816667,37.36066667,364.4261667,364.4248333,4.898076923,2,2,2,2,2
21/11/2024,15.31483333,37.37883333,356.8331667,356.8318333,4.956130435,2,2,2,2,2
22/11/2024,15.20666667,37.3725,364.4821667,364.4811667,4.961571429,2,2,2,2,2
23/11/2024,14.83116667,37.38116667,359.7166667,359.7155,4.912285714,2,2,2,2,2
24/11/2024,14.60283333,37.379,356.0755,356.074,4.9236,2,2,2,2,2
25/11/2024,14.3516,37.3456,355.1066,355.1054,4.9663125,2,2,2,2,2
26/11/2024,14.71766667,37.44766667,367.5276667,367.5261667,4.95032,2,2,2,2,2
27/11/2024,14.78683333,37.42416667,368.4311667,368.4298333,4.97988,2,2,2,2,2
28/11/2024,14.668,37.34833333,370.9598333,370.9585,4.99532,2,2,2,2,2
29/11/2024,14.60183333,37.40783333,371.9138333,371.9125,4.936857143,2,2,2,2,2
30/11/2024,14.39166667,37.416,371.4053333,371.4041667,4.943590909,2,2,2,2,2
01/12/2024,14.204,37.46433333,367.3743333,367.3731667,5.06775,2,2,2,2,2
02/12/2024,13.64433333,37.44333333,354.1545,354.1535,5.244888889,2,2,2,2,2
03/12/2024,14.04333333,37.60866667,361.344,361.3423333,5.192333333,2,2,2,2,2
04/12/2024,13.8755,37.65066667,357.3951667,357.3936667,5.218888889,2,2,2,2,2
05/12/2024,13.45166667,37.62016667,354.7933333,354.7921667,5.3106875,2,2,2,2,2
06/12/2024,13.53216667,37.684,355.8988333,355.8976667,5.29568,2,2,2,2,2
07/12/2024,14.26783333,37.74366667,363.268,363.2666667,5.18972,2,2,2,2,2
08/12/2024,14.05116667,37.74083333,363.1526667,363.1516667,5.209058824,2,2,2,2,2
09/12/2024,13.26216667,37.75566667,355.9215,355.9205,5.311166667,2,2,2,2,2
10/12/2024,12.57083333,37.77466667,349.5078333,349.5063333,5.417916667,2,2,2,2,2
11/12/2024,12.92016667,37.841,348.6593333,348.6583333,5.404214286,2,2,2,2,2
12/12/2024,13.30366667,37.86766667,355.0918333,355.0903333,5.344777778,2,2,2,2,2
13/12/2024,13.67033333,37.9035,358.4423333,358.441,5.274375,2,2,2,2,2
14/12/2024,13.54866667,37.90433333,357.0083333,357.007,5.252428571,2,2,2,2,2
15/12/2024,13.559,37.91933333,355.7255,355.7241667,5.223055556,2,2,2,2,2
16/12/2024,13.5665,37.93183333,293.824,293.823,5.225777778,2,2,2.333333333,2,2
17/12/2024,13.4498,37.9352,609.402,609.4,5.355,2,2,3,2.8,2
18/12/2024,13.28016667,37.94116667,88.809,88.80883333,5.370478261,2,2,3,2.5,2
19/12/2024,13.20966667,37.94166667,207.8793333,207.8786667,5.286888889,2,2,3,2.5,2
20/12/2024,13.039,37.8285,312.293,312.2918333,5.3198,2,2,3,2.333333333,2
21/12/2024,12.85933333,37.85316667,88.7745,88.77416667,5.281166667,2,2,3,2.5,2
22/12/2024,12.50683333,37.76766667,22.9225,22.9225,5.353,2,2,3,3,2
23/12/2024,12.037,37.641,65.85766667,65.8575,5.416105263,2,2,3,2.666666667,2
24/12/2024,12.05933333,37.606,22.79366667,22.7935,5.397045455,2,2,3,3,2
25/12/2024,11.935,37.566,9.804833333,9.804833333,5.42915,2,2,3,3,2
26/12/2024,11.7035,37.4675,106.532,106.5316667,5.554347826,2,2,3,2.666666667,2
27/12/2024,11.421,37.41433333,390.8583333,390.8566667,5.616958333,2,2,3,2.5,2
28/12/2024,11.30366667,37.4585,24.925,24.92483333,5.640478261,2,2,3,3,2
29/12/2024,11.24883333,37.6175,11.79816667,11.79816667,5.647571429,2,2,3,3,2
30/12/2024,11.21933333,37.52366667,8.4805,8.4805,5.68252,2,2,3,3,2
31/12/2024,11.15016667,37.5445,7.813666667,7.813666667,5.742,2,2,3,3,2
